{"0": {"precision": 0.6069176882661996, "recall": 0.3184031606027196, "f1-score": 0.4176810895504399, "support": 108840.0}, "1": {"precision": 0.5380184331797235, "recall": 0.7937798603454612, "f1-score": 0.641340657709153, "support": 108840.0}, "2": {"precision": 1.0, "recall": 1.0, "f1-score": 1.0, "support": 108840.0}, "accuracy": 0.7040610069827269, "macro avg": {"precision": 0.714978707148641, "recall": 0.704061006982727, "f1-score": 0.6863405824198643, "support": 326520.0}, "weighted avg": {"precision": 0.7149787071486411, "recall": 0.7040610069827269, "f1-score": 0.6863405824198643, "support": 326520.0}}