{"accuracy": [0.6947507262229919, 0.6990460157394409, 0.7002317905426025, 0.7007945775985718, 0.701164960861206, 0.7023363709449768, 0.7029086947441101, 0.703511655330658, 0.7039681673049927, 0.7042160630226135, 0.7042304277420044, 0.7046553492546082, 0.7046313881874084, 0.7046400308609009, 0.7046390771865845, 0.7046390771865845, 0.7046390771865845, 0.7046390771865845, 0.7046390771865845, 0.7046390771865845, 0.7046390771865845, 0.7046390771865845, 0.7046390771865845], "loss": [0.44794008135795593, 0.4441676139831543, 0.4435332119464874, 0.44314685463905334, 0.44291943311691284, 0.4421815276145935, 0.441705584526062, 0.4413890540599823, 0.44118064641952515, 0.4410569667816162, 0.44098204374313354, 0.440964013338089, 0.4409618377685547, 0.4409598708152771, 0.4409599304199219, 0.44096043705940247, 0.44096001982688904, 0.4409605860710144, 0.44095975160598755, 0.44096100330352783, 0.44096043705940247, 0.44096001982688904, 0.4409602880477905], "val_accuracy": [0.6952292323112488, 0.7012280821800232, 0.6977329254150391, 0.702254056930542, 0.7016032934188843, 0.7004088759422302, 0.7032034993171692, 0.703448474407196, 0.7038083672523499, 0.70390784740448, 0.7044170498847961, 0.704428493976593, 0.704436182975769, 0.704436182975769, 0.704436182975769, 0.704436182975769, 0.704436182975769, 0.704436182975769, 0.704436182975769, 0.704436182975769, 0.704436182975769, 0.704436182975769, 0.704436182975769], "val_loss": [0.4449916481971741, 0.44440707564353943, 0.44389352202415466, 0.4433386027812958, 0.44341185688972473, 0.4427739679813385, 0.44244441390037537, 0.44213587045669556, 0.441923588514328, 0.4419277608394623, 0.44189077615737915, 0.4418896436691284, 0.4418894946575165, 0.4418894648551941, 0.4418894648551941, 0.4418894648551941, 0.4418894648551941, 0.4418894648551941, 0.4418894648551941, 0.4418894648551941, 0.4418894648551941, 0.4418894648551941, 0.4418894648551941], "learning_rate": [0.0010000000474974513, 0.0010000000474974513, 0.0010000000474974513, 0.0010000000474974513, 0.0010000000474974513, 0.0005000000237487257, 0.0002500000118743628, 0.0001250000059371814, 6.25000029685907e-05, 3.125000148429535e-05, 3.1250001484295353e-06, 3.125000205272954e-07, 3.1250003473815013e-08, 3.1250002585636594e-09, 3.1250002585636594e-10, 3.1250002585636594e-11, 3.1250002585636594e-12, 3.1250002585636594e-13, 3.125000326326295e-14, 3.1250003686779425e-15, 3.125000474557061e-16, 3.125000342208163e-17, 3.1250002594901017e-18]}